<?xml version="1.0" encoding="UTF-8"?>
<metadata xml:lang="en"><Esri><CreaDate>20201021</CreaDate><CreaTime>09151300</CreaTime><ArcGISFormat>1.0</ArcGISFormat><SyncOnce>TRUE</SyncOnce><DataProperties><lineage><Process ToolSource="c:\program files (x86)\arcgis\desktop10.6\ArcToolbox\Toolboxes\Data Management Tools.tbx\CalculateField" Date="20201021" Time="091513">CalculateField Banks_Island_slumps Slump_ID "[FID] +1" VB #</Process><Process ToolSource="c:\program files (x86)\arcgis\desktop10.6\ArcToolbox\Toolboxes\Data Management Tools.tbx\CalculateField" Date="20201021" Time="091705">CalculateField Banks_Island_slumps Slump_ID "[FID] +1" VB #</Process><Process ToolSource="c:\program files (x86)\arcgis\desktop10.6\ArcToolbox\Toolboxes\Data Management Tools.tbx\CalculateField" Date="20201021" Time="091738">CalculateField Banks_Island_slumps Slump_ID "[FID] +1" VB #</Process><Process ToolSource="c:\program files (x86)\arcgis\desktop10.6\ArcToolbox\Toolboxes\Data Management Tools.tbx\CalculateField" Date="20201021" Time="091936">CalculateField Banks_Island_slumps Slump_ID [FID] VB #</Process><Process ToolSource="c:\program files (x86)\arcgis\desktop10.6\ArcToolbox\Toolboxes\Data Management Tools.tbx\CalculateField" Date="20201028" Time="132029">CalculateField Banks_Island_slumps Slump_ID [FID] VB #</Process></lineage></DataProperties></Esri></metadata>
